{
  "type": "STAT",
  "identifier": "all_attributes",
  "lock_under_adv": "",
  "icon": "mmorpg:textures/gui/stat_icons/core/wisdom.png",
  "is_entry": false,
  "lvl_req": 1,
  "stats": [
    {
      "v1": 1.0,
      "v2": 0.0,
      "stat": "wisdom",
      "type": "FLAT",
      "scale_to_lvl": false
    },
    {
      "v1": 1.0,
      "v2": 0.0,
      "stat": "intelligence",
      "type": "FLAT",
      "scale_to_lvl": false
    },
    {
      "v1": 1.0,
      "v2": 0.0,
      "stat": "vitality",
      "type": "FLAT",
      "scale_to_lvl": false
    },
    {
      "v1": 1.0,
      "v2": 0.0,
      "stat": "strength",
      "type": "FLAT",
      "scale_to_lvl": false
    },
    {
      "v1": 1.0,
      "v2": 0.0,
      "stat": "agility",
      "type": "FLAT",
      "scale_to_lvl": false
    },
    {
      "v1": 1.0,
      "v2": 0.0,
      "stat": "dexterity",
      "type": "FLAT",
      "scale_to_lvl": false
    }
  ]
}