{
  "type": "STAT",
  "identifier": "all_phys_less_atkspeed",
  "lock_under_adv": "",
  "icon": "mmorpg:textures/gui/stat_icons/main/critical_damage.png",
  "is_entry": false,
  "lvl_req": 1,
  "stats": [
    {
      "v1": 1.0,
      "v2": 0.0,
      "stat": "critical_damage",
      "type": "FLAT",
      "scale_to_lvl": false
    },
    {
      "v1": 2.0,
      "v2": 0.0,
      "stat": "critical_hit",
      "type": "FLAT",
      "scale_to_lvl": false
    },
    {
      "v1": -3.0,
      "v2": 0.0,
      "stat": "attack_speed",
      "type": "FLAT",
      "scale_to_lvl": false
    }
  ]
}