{
  "type": "SPECIAL",
  "identifier": "ancient_rune",
  "lock_under_adv": "",
  "icon": "mmorpg:textures/gui/talent_icons/ancient_rune.png",
  "is_entry": false,
  "lvl_req": 1,
  "stats": [
    {
      "v1": 10.0,
      "v2": 0.0,
      "stat": "spell_accuracy",
      "type": "LOCAL_INCREASE",
      "scale_to_lvl": false
    },
    {
      "v1": 5.0,
      "v2": 0.0,
      "stat": "spear_damage",
      "type": "FLAT",
      "scale_to_lvl": false
    },
    {
      "v1": 3.0,
      "v2": 0.0,
      "stat": "spell_critical_hit",
      "type": "FLAT",
      "scale_to_lvl": false
    }
  ]
}