{
  "type": "SPECIAL",
  "identifier": "anomaly",
  "lock_under_adv": "",
  "icon": "mmorpg:textures/gui/talent_icons/anomaly.png",
  "is_entry": false,
  "lvl_req": 1,
  "stats": [
    {
      "v1": 5.0,
      "v2": 0.0,
      "stat": "spell_water_damage",
      "type": "FLAT",
      "scale_to_lvl": false
    },
    {
      "v1": 5.0,
      "v2": 0.0,
      "stat": "spell_nature_damage",
      "type": "FLAT",
      "scale_to_lvl": false
    },
    {
      "v1": 10.0,
      "v2": 0.0,
      "stat": "mana_regen",
      "type": "LOCAL_INCREASE",
      "scale_to_lvl": false
    },
    {
      "v1": 10.0,
      "v2": 0.0,
      "stat": "dot_dmg",
      "type": "FLAT",
      "scale_to_lvl": false
    }
  ]
}