{
  "type": "SPECIAL",
  "identifier": "arcane_meditation",
  "lock_under_adv": "",
  "icon": "mmorpg:textures/gui/talent_icons/arcane_meditation.png",
  "is_entry": false,
  "lvl_req": 1,
  "stats": [
    {
      "v1": 20.0,
      "v2": 0.0,
      "stat": "mana_per_10_wisdom",
      "type": "FLAT",
      "scale_to_lvl": false
    },
    {
      "v1": -10.0,
      "v2": 0.0,
      "stat": "mana_per_10_vitality",
      "type": "FLAT",
      "scale_to_lvl": false
    },
    {
      "v1": 5.0,
      "v2": 0.0,
      "stat": "spell_damage",
      "type": "FLAT",
      "scale_to_lvl": false
    }
  ]
}