{
  "type": "SPECIAL",
  "identifier": "big_heart_of_water",
  "lock_under_adv": "",
  "icon": "mmorpg:textures/gui/talent_icons/big_heart_of_water.png",
  "is_entry": false,
  "lvl_req": 1,
  "stats": [
    {
      "v1": 10.0,
      "v2": 0.0,
      "stat": "spell_water_damage",
      "type": "FLAT",
      "scale_to_lvl": false
    },
    {
      "v1": 2.0,
      "v2": 0.0,
      "stat": "water_penetration",
      "type": "FLAT",
      "scale_to_lvl": false
    },
    {
      "v1": 2.0,
      "v2": 0.0,
      "stat": "water_health_leech",
      "type": "FLAT",
      "scale_to_lvl": false
    }
  ]
}