{
  "type": "SPECIAL",
  "identifier": "big_mighty_shield",
  "lock_under_adv": "",
  "icon": "mmorpg:textures/gui/talent_icons/big_mighty_shield.png",
  "is_entry": false,
  "lvl_req": 1,
  "stats": [
    {
      "v1": 10.0,
      "v2": 0.0,
      "stat": "shield_duration",
      "type": "FLAT",
      "scale_to_lvl": false
    },
    {
      "v1": 10.0,
      "v2": 0.0,
      "stat": "shield_strength",
      "type": "FLAT",
      "scale_to_lvl": false
    },
    {
      "v1": -3.0,
      "v2": 0.0,
      "stat": "dmg_received",
      "type": "FLAT",
      "scale_to_lvl": false
    }
  ]
}