{
  "type": "SPECIAL",
  "identifier": "big_sadist",
  "lock_under_adv": "",
  "icon": "mmorpg:textures/gui/talent_icons/big_sadist.png",
  "is_entry": false,
  "lvl_req": 1,
  "stats": [
    {
      "v1": 2.0,
      "v2": 0.0,
      "stat": "dmg_taken_to_mana",
      "type": "FLAT",
      "scale_to_lvl": false
    },
    {
      "v1": 20.0,
      "v2": 0.0,
      "stat": "health",
      "type": "FLAT",
      "scale_to_lvl": false
    },
    {
      "v1": 5.0,
      "v2": 0.0,
      "stat": "mana",
      "type": "FLAT",
      "scale_to_lvl": false
    }
  ]
}