{
  "type": "SPECIAL",
  "identifier": "big_fighter",
  "lock_under_adv": "",
  "icon": "mmorpg:textures/gui/talent_icons/big_fighter.png",
  "is_entry": false,
  "lvl_req": 1,
  "stats": [
    {
      "v1": 3.0,
      "v2": 0.0,
      "stat": "physical_weapon_damage",
      "type": "LOCAL_INCREASE",
      "scale_to_lvl": false
    },
    {
      "v1": 3.0,
      "v2": 0.0,
      "stat": "attack_speed",
      "type": "FLAT",
      "scale_to_lvl": false
    },
    {
      "v1": 20.0,
      "v2": 0.0,
      "stat": "accuracy",
      "type": "FLAT",
      "scale_to_lvl": false
    },
    {
      "v1": 10.0,
      "v2": 0.0,
      "stat": "strength",
      "type": "FLAT",
      "scale_to_lvl": false
    }
  ]
}