{
  "type": "SPECIAL",
  "identifier": "big_inc_area_spell_dmg",
  "lock_under_adv": "",
  "icon": "mmorpg:textures/gui/talent_icons/big_inc_area_spell_dmg.png",
  "is_entry": false,
  "lvl_req": 1,
  "stats": [
    {
      "v1": 15.0,
      "v2": 0.0,
      "stat": "inc_aoe",
      "type": "FLAT",
      "scale_to_lvl": false
    },
    {
      "v1": 5.0,
      "v2": 0.0,
      "stat": "spell_damage",
      "type": "FLAT",
      "scale_to_lvl": false
    },
    {
      "v1": 20.0,
      "v2": 0.0,
      "stat": "mana",
      "type": "FLAT",
      "scale_to_lvl": false
    }
  ]
}