{
  "type": "SPECIAL",
  "identifier": "big_lacerator",
  "lock_under_adv": "",
  "icon": "mmorpg:textures/gui/talent_icons/big_lacerator.png",
  "is_entry": false,
  "lvl_req": 1,
  "stats": [
    {
      "v1": 5.0,
      "v2": 0.0,
      "stat": "attack_speed",
      "type": "FLAT",
      "scale_to_lvl": false
    },
    {
      "v1": 5.0,
      "v2": 0.0,
      "stat": "cast_speed",
      "type": "LOCAL_INCREASE",
      "scale_to_lvl": false
    },
    {
      "v1": 5.0,
      "v2": 0.0,
      "stat": "physical_weapon_damage",
      "type": "LOCAL_INCREASE",
      "scale_to_lvl": false
    }
  ]
}