{
  "type": "SPECIAL",
  "identifier": "big_frog",
  "lock_under_adv": "",
  "icon": "mmorpg:textures/gui/talent_icons/big_frog.png",
  "is_entry": false,
  "lvl_req": 1,
  "stats": [
    {
      "v1": 10.0,
      "v2": 0.0,
      "stat": "health_regen",
      "type": "LOCAL_INCREASE",
      "scale_to_lvl": false
    },
    {
      "v1": 10.0,
      "v2": 0.0,
      "stat": "dodge",
      "type": "LOCAL_INCREASE",
      "scale_to_lvl": false
    },
    {
      "v1": 10.0,
      "v2": 0.0,
      "stat": "health",
      "type": "FLAT",
      "scale_to_lvl": false
    }
  ]
}