{
  "type": "SPECIAL",
  "identifier": "big_ligthing_bless",
  "lock_under_adv": "",
  "icon": "mmorpg:textures/gui/talent_icons/big_ligthing_bless.png",
  "is_entry": false,
  "lvl_req": 1,
  "stats": [
    {
      "v1": 5.0,
      "v2": 0.0,
      "stat": "heal_crit_dmg",
      "type": "FLAT",
      "scale_to_lvl": false
    },
    {
      "v1": 5.0,
      "v2": 0.0,
      "stat": "increase_healing",
      "type": "FLAT",
      "scale_to_lvl": false
    },
    {
      "v1": 5.0,
      "v2": 0.0,
      "stat": "wisdom",
      "type": "FLAT",
      "scale_to_lvl": false
    },
    {
      "v1": 5.0,
      "v2": 0.0,
      "stat": "heal_cleanse",
      "type": "FLAT",
      "scale_to_lvl": false
    }
  ]
}