{
  "type": "SPECIAL",
  "identifier": "big_health_ms_mana_cost",
  "lock_under_adv": "",
  "icon": "mmorpg:textures/gui/talent_icons/big_health_ms_mana_cost.png",
  "is_entry": false,
  "lvl_req": 1,
  "stats": [
    {
      "v1": -5.0,
      "v2": 0.0,
      "stat": "mana_cost",
      "type": "FLAT",
      "scale_to_lvl": false
    },
    {
      "v1": 10.0,
      "v2": 0.0,
      "stat": "health",
      "type": "FLAT",
      "scale_to_lvl": false
    },
    {
      "v1": 5.0,
      "v2": 0.0,
      "stat": "mana",
      "type": "LOCAL_INCREASE",
      "scale_to_lvl": false
    }
  ]
}