{
  "type": "SPECIAL",
  "identifier": "big_effect_of_ele",
  "lock_under_adv": "",
  "icon": "mmorpg:textures/gui/talent_icons/big_effect_of_ele.png",
  "is_entry": false,
  "lvl_req": 1,
  "stats": [
    {
      "v1": 5.0,
      "v2": 0.0,
      "stat": "spell_elemental_damage",
      "type": "FLAT",
      "scale_to_lvl": false
    },
    {
      "v1": 10.0,
      "v2": 0.0,
      "stat": "chance_of_poison",
      "type": "LOCAL_INCREASE",
      "scale_to_lvl": false
    },
    {
      "v1": 10.0,
      "v2": 0.0,
      "stat": "chance_of_frostburn",
      "type": "LOCAL_INCREASE",
      "scale_to_lvl": false
    },
    {
      "v1": 10.0,
      "v2": 0.0,
      "stat": "chance_of_burn",
      "type": "LOCAL_INCREASE",
      "scale_to_lvl": false
    }
  ]
}