{
  "type": "SPECIAL",
  "identifier": "big_aspect_of_thunder",
  "lock_under_adv": "",
  "icon": "mmorpg:textures/gui/talent_icons/big_aspect_of_thunder.png",
  "is_entry": false,
  "lvl_req": 1,
  "stats": [
    {
      "v1": 5.0,
      "v2": 0.0,
      "stat": "spell_light_damage",
      "type": "FLAT",
      "scale_to_lvl": false
    },
    {
      "v1": 5.0,
      "v2": 0.0,
      "stat": "critical_hit",
      "type": "FLAT",
      "scale_to_lvl": false
    },
    {
      "v1": 5.0,
      "v2": 0.0,
      "stat": "health_on_attack_hit",
      "type": "FLAT",
      "scale_to_lvl": false
    }
  ]
}