{
  "type": "SPECIAL",
  "identifier": "big_arena",
  "lock_under_adv": "",
  "icon": "mmorpg:textures/gui/talent_icons/big_arena.png",
  "is_entry": false,
  "lvl_req": 1,
  "stats": [
    {
      "v1": 5.0,
      "v2": 0.0,
      "stat": "physical_weapon_damage",
      "type": "LOCAL_INCREASE",
      "scale_to_lvl": false
    },
    {
      "v1": 1.0,
      "v2": 0.0,
      "stat": "health_per_sec",
      "type": "FLAT",
      "scale_to_lvl": false
    },
    {
      "v1": 10.0,
      "v2": 0.0,
      "stat": "strength",
      "type": "FLAT",
      "scale_to_lvl": false
    }
  ]
}