{
  "type": "SPECIAL",
  "identifier": "big_blood_thirst",
  "lock_under_adv": "",
  "icon": "mmorpg:textures/gui/talent_icons/big_blood_thirst.png",
  "is_entry": false,
  "lvl_req": 1,
  "stats": [
    {
      "v1": 10.0,
      "v2": 0.0,
      "stat": "health",
      "type": "LOCAL_INCREASE",
      "scale_to_lvl": false
    },
    {
      "v1": 3.0,
      "v2": 0.0,
      "stat": "lifesteal",
      "type": "FLAT",
      "scale_to_lvl": false
    },
    {
      "v1": 2.0,
      "v2": 0.0,
      "stat": "physical_weapon_damage",
      "type": "LOCAL_INCREASE",
      "scale_to_lvl": false
    }
  ]
}