{
  "type": "SPECIAL",
  "identifier": "big_fury",
  "lock_under_adv": "",
  "icon": "mmorpg:textures/gui/talent_icons/big_fury.png",
  "is_entry": false,
  "lvl_req": 1,
  "stats": [
    {
      "v1": 5.0,
      "v2": 0.0,
      "stat": "attack_speed",
      "type": "FLAT",
      "scale_to_lvl": false
    },
    {
      "v1": 5.0,
      "v2": 0.0,
      "stat": "melee_dmg",
      "type": "FLAT",
      "scale_to_lvl": false
    },
    {
      "v1": 50.0,
      "v2": 0.0,
      "stat": "accuracy",
      "type": "FLAT",
      "scale_to_lvl": false
    },
    {
      "v1": 10.0,
      "v2": 0.0,
      "stat": "strength",
      "type": "FLAT",
      "scale_to_lvl": false
    }
  ]
}