{
  "type": "SPECIAL",
  "identifier": "big_fire_water_spell_crit_dmg",
  "lock_under_adv": "",
  "icon": "mmorpg:textures/gui/talent_icons/big_fire_water_spell_crit_dmg.png",
  "is_entry": false,
  "lvl_req": 1,
  "stats": [
    {
      "v1": 3.0,
      "v2": 0.0,
      "stat": "spell_critical_hit",
      "type": "FLAT",
      "scale_to_lvl": false
    },
    {
      "v1": 3.0,
      "v2": 0.0,
      "stat": "spell_fire_damage",
      "type": "FLAT",
      "scale_to_lvl": false
    },
    {
      "v1": 3.0,
      "v2": 0.0,
      "stat": "spell_water_damage",
      "type": "FLAT",
      "scale_to_lvl": false
    }
  ]
}