{
  "type": "SPECIAL",
  "identifier": "big_heart_of_fire",
  "lock_under_adv": "",
  "icon": "mmorpg:textures/gui/talent_icons/big_heart_of_fire.png",
  "is_entry": false,
  "lvl_req": 1,
  "stats": [
    {
      "v1": 10.0,
      "v2": 0.0,
      "stat": "spell_fire_damage",
      "type": "FLAT",
      "scale_to_lvl": false
    },
    {
      "v1": 2.0,
      "v2": 0.0,
      "stat": "fire_penetration",
      "type": "FLAT",
      "scale_to_lvl": false
    },
    {
      "v1": 2.0,
      "v2": 0.0,
      "stat": "fire_health_leech",
      "type": "FLAT",
      "scale_to_lvl": false
    }
  ]
}