{
  "type": "SPECIAL",
  "identifier": "big_lord_of_arcane",
  "lock_under_adv": "",
  "icon": "mmorpg:textures/gui/talent_icons/big_lord_of_arcane.png",
  "is_entry": false,
  "lvl_req": 1,
  "stats": [
    {
      "v1": 10.0,
      "v2": 0.0,
      "stat": "intelligence",
      "type": "FLAT",
      "scale_to_lvl": false
    },
    {
      "v1": 5.0,
      "v2": 0.0,
      "stat": "spell_damage",
      "type": "FLAT",
      "scale_to_lvl": false
    },
    {
      "v1": 10.0,
      "v2": 0.0,
      "stat": "mana",
      "type": "FLAT",
      "scale_to_lvl": false
    }
  ]
}