{
  "type": "SPECIAL",
  "identifier": "big_ele_unity",
  "lock_under_adv": "",
  "icon": "mmorpg:textures/gui/talent_icons/big_ele_unity.png",
  "is_entry": false,
  "lvl_req": 1,
  "stats": [
    {
      "v1": 15.0,
      "v2": 0.0,
      "stat": "all_elemental_damage",
      "type": "FLAT",
      "scale_to_lvl": false
    },
    {
      "v1": 5.0,
      "v2": 0.0,
      "stat": "critical_hit",
      "type": "FLAT",
      "scale_to_lvl": false
    },
    {
      "v1": 5.0,
      "v2": 0.0,
      "stat": "spell_critical_hit",
      "type": "FLAT",
      "scale_to_lvl": false
    },
    {
      "v1": 5.0,
      "v2": 0.0,
      "stat": "intelligence",
      "type": "FLAT",
      "scale_to_lvl": false
    },
    {
      "v1": 5.0,
      "v2": 0.0,
      "stat": "dexterity",
      "type": "FLAT",
      "scale_to_lvl": false
    }
  ]
}