{
  "type": "SPECIAL",
  "identifier": "big_ligthing_blare",
  "lock_under_adv": "",
  "icon": "mmorpg:textures/gui/talent_icons/big_ligthing_blare.png",
  "is_entry": false,
  "lvl_req": 1,
  "stats": [
    {
      "v1": 10.0,
      "v2": 0.0,
      "stat": "light_focus",
      "type": "FLAT",
      "scale_to_lvl": false
    },
    {
      "v1": 5.0,
      "v2": 0.0,
      "stat": "light_penetration",
      "type": "FLAT",
      "scale_to_lvl": false
    },
    {
      "v1": -10.0,
      "v2": 0.0,
      "stat": "mana_cost",
      "type": "FLAT",
      "scale_to_lvl": false
    },
    {
      "v1": 5.0,
      "v2": 0.0,
      "stat": "spell_damage_per_perc_of_increase_healing",
      "type": "FLAT",
      "scale_to_lvl": false
    }
  ]
}