{
  "type": "SPECIAL",
  "identifier": "big_mana_steal",
  "lock_under_adv": "",
  "icon": "mmorpg:textures/gui/talent_icons/big_mana_steal.png",
  "is_entry": false,
  "lvl_req": 1,
  "stats": [
    {
      "v1": 5.0,
      "v2": 0.0,
      "stat": "intelligence",
      "type": "FLAT",
      "scale_to_lvl": false
    },
    {
      "v1": 3.0,
      "v2": 0.0,
      "stat": "mana_on_attack_hit",
      "type": "FLAT",
      "scale_to_lvl": false
    },
    {
      "v1": 20.0,
      "v2": 0.0,
      "stat": "mana",
      "type": "FLAT",
      "scale_to_lvl": false
    }
  ]
}