{
  "type": "MAJOR",
  "identifier": "blood_mage",
  "lock_under_adv": "",
  "icon": "mmorpg:textures/gui/stat_icons/game_changers/blood_mage.png",
  "is_entry": false,
  "lvl_req": 1,
  "stats": [
    {
      "v1": 1.0,
      "v2": 0.0,
      "stat": "blood_user",
      "type": "FLAT",
      "scale_to_lvl": false
    },
    {
      "v1": 50.0,
      "v2": 0.0,
      "stat": "hp_resto_to_blood",
      "type": "FLAT",
      "scale_to_lvl": false
    },
    {
      "v1": 50.0,
      "v2": 0.0,
      "stat": "blood_per_10_vitality",
      "type": "FLAT",
      "scale_to_lvl": false
    },
    {
      "v1": -100.0,
      "v2": 0.0,
      "stat": "mana",
      "type": "GLOBAL_INCREASE",
      "scale_to_lvl": false
    }
  ]
}