{
  "type": "SPECIAL",
  "identifier": "bloodscent",
  "lock_under_adv": "",
  "icon": "mmorpg:textures/gui/talent_icons/bloodscent.png",
  "is_entry": false,
  "lvl_req": 1,
  "stats": [
    {
      "v1": 3.0,
      "v2": 0.0,
      "stat": "critical_hit",
      "type": "FLAT",
      "scale_to_lvl": false
    },
    {
      "v1": 5.0,
      "v2": 0.0,
      "stat": "critical_damage",
      "type": "FLAT",
      "scale_to_lvl": false
    },
    {
      "v1": 10.0,
      "v2": 0.0,
      "stat": "heal_effect_on_self",
      "type": "FLAT",
      "scale_to_lvl": false
    },
    {
      "v1": 1.0,
      "v2": 0.0,
      "stat": "health_on_attack_hit",
      "type": "FLAT",
      "scale_to_lvl": false
    }
  ]
}