{
  "type": "SPECIAL",
  "identifier": "broad_knowledge",
  "lock_under_adv": "",
  "icon": "mmorpg:textures/gui/talent_icons/broad_knowledge.png",
  "is_entry": false,
  "lvl_req": 1,
  "stats": [
    {
      "v1": 1.0,
      "v2": 0.0,
      "stat": "chance_of_burn",
      "type": "FLAT",
      "scale_to_lvl": false
    },
    {
      "v1": 1.0,
      "v2": 0.0,
      "stat": "chance_of_poison",
      "type": "FLAT",
      "scale_to_lvl": false
    },
    {
      "v1": 1.0,
      "v2": 0.0,
      "stat": "chance_of_frostburn",
      "type": "FLAT",
      "scale_to_lvl": false
    },
    {
      "v1": 1.0,
      "v2": 0.0,
      "stat": "chance_of_blind",
      "type": "FLAT",
      "scale_to_lvl": false
    },
    {
      "v1": 1.0,
      "v2": 0.0,
      "stat": "chance_of_bleed",
      "type": "FLAT",
      "scale_to_lvl": false
    },
    {
      "v1": 1.0,
      "v2": 0.0,
      "stat": "chance_of_torment",
      "type": "FLAT",
      "scale_to_lvl": false
    }
  ]
}