{
  "type": "SPECIAL",
  "identifier": "burning_heart",
  "lock_under_adv": "",
  "icon": "mmorpg:textures/gui/talent_icons/burning_heart.png",
  "is_entry": false,
  "lvl_req": 1,
  "stats": [
    {
      "v1": 10.0,
      "v2": 0.0,
      "stat": "increase_healing",
      "type": "FLAT",
      "scale_to_lvl": false
    },
    {
      "v1": 50.0,
      "v2": 0.0,
      "stat": "mana",
      "type": "FLAT",
      "scale_to_lvl": false
    },
    {
      "v1": 10.0,
      "v2": 0.0,
      "stat": "wisdom",
      "type": "FLAT",
      "scale_to_lvl": false
    }
  ]
}