{
  "type": "MAJOR",
  "identifier": "celestial_vaults",
  "lock_under_adv": "",
  "icon": "mmorpg:textures/gui/stat_icons/game_changers/celestial_vaults.png",
  "is_entry": false,
  "lvl_req": 1,
  "stats": [
    {
      "v1": 15.0,
      "v2": 0.0,
      "stat": "light_resist",
      "type": "FLAT",
      "scale_to_lvl": false
    },
    {
      "v1": -15.0,
      "v2": 0.0,
      "stat": "dark_resist",
      "type": "FLAT",
      "scale_to_lvl": false
    },
    {
      "v1": 20.0,
      "v2": 0.0,
      "stat": "all_light_damage",
      "type": "FLAT",
      "scale_to_lvl": false
    },
    {
      "v1": -20.0,
      "v2": 0.0,
      "stat": "all_dark_damage",
      "type": "FLAT",
      "scale_to_lvl": false
    }
  ]
}