{
  "type": "SPECIAL",
  "identifier": "crystal_arrows",
  "lock_under_adv": "",
  "icon": "mmorpg:textures/gui/talent_icons/crystal_arrows.png",
  "is_entry": false,
  "lvl_req": 1,
  "stats": [
    {
      "v1": 5.0,
      "v2": 0.0,
      "stat": "ranged_dmg",
      "type": "FLAT",
      "scale_to_lvl": false
    },
    {
      "v1": 5.0,
      "v2": 0.0,
      "stat": "all_water_damage",
      "type": "FLAT",
      "scale_to_lvl": false
    },
    {
      "v1": 5.0,
      "v2": 0.0,
      "stat": "all_fire_damage",
      "type": "FLAT",
      "scale_to_lvl": false
    },
    {
      "v1": 5.0,
      "v2": 0.0,
      "stat": "all_nature_damage",
      "type": "FLAT",
      "scale_to_lvl": false
    },
    {
      "v1": 5.0,
      "v2": 0.0,
      "stat": "all_light_damage",
      "type": "FLAT",
      "scale_to_lvl": false
    },
    {
      "v1": 5.0,
      "v2": 0.0,
      "stat": "all_dark_damage",
      "type": "FLAT",
      "scale_to_lvl": false
    }
  ]
}