{
  "type": "SPECIAL",
  "identifier": "crystal_hands",
  "lock_under_adv": "",
  "icon": "mmorpg:textures/gui/talent_icons/crystal_hands.png",
  "is_entry": false,
  "lvl_req": 1,
  "stats": [
    {
      "v1": -10.0,
      "v2": 0.0,
      "stat": "inc_effect_of_negative_buff_on_you",
      "type": "FLAT",
      "scale_to_lvl": false
    },
    {
      "v1": 5.0,
      "v2": 0.0,
      "stat": "armor",
      "type": "LOCAL_INCREASE",
      "scale_to_lvl": false
    },
    {
      "v1": 1.0,
      "v2": 0.0,
      "stat": "elemental_resist",
      "type": "FLAT",
      "scale_to_lvl": false
    }
  ]
}