{
  "type": "SPECIAL",
  "identifier": "dark_dom",
  "lock_under_adv": "",
  "icon": "mmorpg:textures/gui/talent_icons/dark_dom.png",
  "is_entry": false,
  "lvl_req": 1,
  "stats": [
    {
      "v1": 5.0,
      "v2": 0.0,
      "stat": "dark_penetration",
      "type": "FLAT",
      "scale_to_lvl": false
    },
    {
      "v1": 10.0,
      "v2": 0.0,
      "stat": "critical_damage",
      "type": "FLAT",
      "scale_to_lvl": false
    },
    {
      "v1": 2.0,
      "v2": 0.0,
      "stat": "dark_health_leech",
      "type": "FLAT",
      "scale_to_lvl": false
    }
  ]
}