{
  "type": "SPECIAL",
  "identifier": "drunken_boxing",
  "lock_under_adv": "",
  "icon": "mmorpg:textures/gui/talent_icons/drunken_boxing.png",
  "is_entry": false,
  "lvl_req": 1,
  "stats": [
    {
      "v1": 5.0,
      "v2": 0.0,
      "stat": "health",
      "type": "LOCAL_INCREASE",
      "scale_to_lvl": false
    },
    {
      "v1": -5.0,
      "v2": 0.0,
      "stat": "dodge",
      "type": "LOCAL_INCREASE",
      "scale_to_lvl": false
    },
    {
      "v1": 20.0,
      "v2": 0.0,
      "stat": "critical_damage",
      "type": "FLAT",
      "scale_to_lvl": false
    },
    {
      "v1": -5.0,
      "v2": 0.0,
      "stat": "wisdom",
      "type": "FLAT",
      "scale_to_lvl": false
    },
    {
      "v1": -5.0,
      "v2": 0.0,
      "stat": "intelligence",
      "type": "FLAT",
      "scale_to_lvl": false
    }
  ]
}