{
  "type": "SPECIAL",
  "identifier": "dust_cloak",
  "lock_under_adv": "",
  "icon": "mmorpg:textures/gui/talent_icons/dust_cloak.png",
  "is_entry": false,
  "lvl_req": 1,
  "stats": [
    {
      "v1": -10.0,
      "v2": 0.0,
      "stat": "threat_generated",
      "type": "FLAT",
      "scale_to_lvl": false
    },
    {
      "v1": 10.0,
      "v2": 0.0,
      "stat": "mana_regen",
      "type": "LOCAL_INCREASE",
      "scale_to_lvl": false
    },
    {
      "v1": 10.0,
      "v2": 0.0,
      "stat": "dodge",
      "type": "LOCAL_INCREASE",
      "scale_to_lvl": false
    }
  ]
}