{
  "type": "SPECIAL",
  "identifier": "elemental_penetration_damage_shield",
  "lock_under_adv": "",
  "icon": "mmorpg:textures/gui/talent_icons/elemental_penetration_damage_shield.png",
  "is_entry": false,
  "lvl_req": 1,
  "stats": [
    {
      "v1": 3.0,
      "v2": 0.0,
      "stat": "elemental_penetration",
      "type": "FLAT",
      "scale_to_lvl": false
    },
    {
      "v1": 3.0,
      "v2": 0.0,
      "stat": "elemental_resist",
      "type": "FLAT",
      "scale_to_lvl": false
    }
  ]
}