{
  "type": "SPECIAL",
  "identifier": "emptiness",
  "lock_under_adv": "",
  "icon": "mmorpg:textures/gui/talent_icons/emptiness.png",
  "is_entry": false,
  "lvl_req": 1,
  "stats": [
    {
      "v1": 5.0,
      "v2": 0.0,
      "stat": "spell_light_damage",
      "type": "FLAT",
      "scale_to_lvl": false
    },
    {
      "v1": 5.0,
      "v2": 0.0,
      "stat": "spell_dark_damage",
      "type": "FLAT",
      "scale_to_lvl": false
    },
    {
      "v1": 5.0,
      "v2": 0.0,
      "stat": "spell_critical_damage",
      "type": "FLAT",
      "scale_to_lvl": false
    },
    {
      "v1": 5.0,
      "v2": 0.0,
      "stat": "elemental_penetration",
      "type": "FLAT",
      "scale_to_lvl": false
    }
  ]
}