{
  "type": "SPECIAL",
  "identifier": "eyes_wide_open",
  "lock_under_adv": "",
  "icon": "mmorpg:textures/gui/talent_icons/eyes_wide_open.png",
  "is_entry": false,
  "lvl_req": 1,
  "stats": [
    {
      "v1": 10.0,
      "v2": 0.0,
      "stat": "inc_effect_of_positive_buff_on_you",
      "type": "FLAT",
      "scale_to_lvl": false
    },
    {
      "v1": 5.0,
      "v2": 0.0,
      "stat": "health",
      "type": "LOCAL_INCREASE",
      "scale_to_lvl": false
    },
    {
      "v1": 5.0,
      "v2": 0.0,
      "stat": "vitality",
      "type": "FLAT",
      "scale_to_lvl": false
    }
  ]
}