{
  "type": "SPECIAL",
  "identifier": "faith_armor",
  "lock_under_adv": "",
  "icon": "mmorpg:textures/gui/talent_icons/faith_armor.png",
  "is_entry": false,
  "lvl_req": 1,
  "stats": [
    {
      "v1": 20.0,
      "v2": 0.0,
      "stat": "armor",
      "type": "LOCAL_INCREASE",
      "scale_to_lvl": false
    },
    {
      "v1": 10.0,
      "v2": 0.0,
      "stat": "mana",
      "type": "LOCAL_INCREASE",
      "scale_to_lvl": false
    },
    {
      "v1": 2.0,
      "v2": 0.0,
      "stat": "elemental_resist",
      "type": "FLAT",
      "scale_to_lvl": false
    }
  ]
}