{
  "type": "SPECIAL",
  "identifier": "faithless",
  "lock_under_adv": "",
  "icon": "mmorpg:textures/gui/talent_icons/faithless.png",
  "is_entry": false,
  "lvl_req": 1,
  "stats": [
    {
      "v1": 5.0,
      "v2": 0.0,
      "stat": "dark_focus",
      "type": "FLAT",
      "scale_to_lvl": false
    },
    {
      "v1": 5.0,
      "v2": 0.0,
      "stat": "spell_accuracy",
      "type": "LOCAL_INCREASE",
      "scale_to_lvl": false
    },
    {
      "v1": -5.0,
      "v2": 0.0,
      "stat": "light_resist",
      "type": "FLAT",
      "scale_to_lvl": false
    }
  ]
}