{
  "type": "SPECIAL",
  "identifier": "fast_barbarian",
  "lock_under_adv": "",
  "icon": "mmorpg:textures/gui/talent_icons/fast_barbarian.png",
  "is_entry": false,
  "lvl_req": 1,
  "stats": [
    {
      "v1": 2.0,
      "v2": 0.0,
      "stat": "critical_hit",
      "type": "FLAT",
      "scale_to_lvl": false
    },
    {
      "v1": 5.0,
      "v2": 0.0,
      "stat": "attack_speed",
      "type": "FLAT",
      "scale_to_lvl": false
    },
    {
      "v1": 100.0,
      "v2": 0.0,
      "stat": "accuracy",
      "type": "FLAT",
      "scale_to_lvl": false
    }
  ]
}