{
  "type": "SPECIAL",
  "identifier": "for_the_living",
  "lock_under_adv": "",
  "icon": "mmorpg:textures/gui/talent_icons/for_the_living.png",
  "is_entry": false,
  "lvl_req": 1,
  "stats": [
    {
      "v1": 5.0,
      "v2": 0.0,
      "stat": "critical_hit",
      "type": "FLAT",
      "scale_to_lvl": false
    },
    {
      "v1": 5.0,
      "v2": 0.0,
      "stat": "ranged_dmg",
      "type": "FLAT",
      "scale_to_lvl": false
    },
    {
      "v1": 10.0,
      "v2": 0.0,
      "stat": "dmg_to_undead",
      "type": "FLAT",
      "scale_to_lvl": false
    }
  ]
}