{
  "type": "SPECIAL",
  "identifier": "forced_alliance",
  "lock_under_adv": "",
  "icon": "mmorpg:textures/gui/talent_icons/forced_alliance.png",
  "is_entry": false,
  "lvl_req": 1,
  "stats": [
    {
      "v1": 5.0,
      "v2": 0.0,
      "stat": "cast_speed",
      "type": "FLAT",
      "scale_to_lvl": false
    },
    {
      "v1": 100.0,
      "v2": 0.0,
      "stat": "mana",
      "type": "FLAT",
      "scale_to_lvl": false
    },
    {
      "v1": 3.0,
      "v2": 0.0,
      "stat": "all_nature_damage",
      "type": "FLAT",
      "scale_to_lvl": false
    },
    {
      "v1": 3.0,
      "v2": 0.0,
      "stat": "all_fire_damage",
      "type": "FLAT",
      "scale_to_lvl": false
    },
    {
      "v1": 3.0,
      "v2": 0.0,
      "stat": "all_water_damage",
      "type": "FLAT",
      "scale_to_lvl": false
    }
  ]
}