{
  "type": "SPECIAL",
  "identifier": "gaseus",
  "lock_under_adv": "",
  "icon": "mmorpg:textures/gui/talent_icons/gaseus.png",
  "is_entry": false,
  "lvl_req": 1,
  "stats": [
    {
      "v1": 3.0,
      "v2": 0.0,
      "stat": "chance_of_poison",
      "type": "FLAT",
      "scale_to_lvl": false
    },
    {
      "v1": 10.0,
      "v2": 0.0,
      "stat": "dodge",
      "type": "LOCAL_INCREASE",
      "scale_to_lvl": false
    },
    {
      "v1": 10.0,
      "v2": 0.0,
      "stat": "dot_dmg",
      "type": "FLAT",
      "scale_to_lvl": false
    }
  ]
}