{
  "type": "SPECIAL",
  "identifier": "good_posture",
  "lock_under_adv": "",
  "icon": "mmorpg:textures/gui/talent_icons/good_posture.png",
  "is_entry": false,
  "lvl_req": 1,
  "stats": [
    {
      "v1": 5.0,
      "v2": 0.0,
      "stat": "health",
      "type": "LOCAL_INCREASE",
      "scale_to_lvl": false
    },
    {
      "v1": 5.0,
      "v2": 0.0,
      "stat": "armor",
      "type": "LOCAL_INCREASE",
      "scale_to_lvl": false
    },
    {
      "v1": 5.0,
      "v2": 0.0,
      "stat": "red_mana_reserved",
      "type": "FLAT",
      "scale_to_lvl": false
    }
  ]
}