{
  "type": "SPECIAL",
  "identifier": "gravedigger",
  "lock_under_adv": "",
  "icon": "mmorpg:textures/gui/talent_icons/gravedigger.png",
  "is_entry": false,
  "lvl_req": 1,
  "stats": [
    {
      "v1": 2.0,
      "v2": 0.0,
      "stat": "chance_of_poison",
      "type": "FLAT",
      "scale_to_lvl": false
    },
    {
      "v1": 2.0,
      "v2": 0.0,
      "stat": "chance_of_burn",
      "type": "FLAT",
      "scale_to_lvl": false
    },
    {
      "v1": 2.0,
      "v2": 0.0,
      "stat": "chance_of_slow",
      "type": "FLAT",
      "scale_to_lvl": false
    },
    {
      "v1": 10.0,
      "v2": 0.0,
      "stat": "health_on_kill",
      "type": "FLAT",
      "scale_to_lvl": false
    }
  ]
}