{
  "type": "SPECIAL",
  "identifier": "guiding_light",
  "lock_under_adv": "",
  "icon": "mmorpg:textures/gui/talent_icons/guiding_light.png",
  "is_entry": false,
  "lvl_req": 1,
  "stats": [
    {
      "v1": 10.0,
      "v2": 0.0,
      "stat": "heal_crit_dmg",
      "type": "FLAT",
      "scale_to_lvl": false
    },
    {
      "v1": 5.0,
      "v2": 0.0,
      "stat": "shield_duration",
      "type": "FLAT",
      "scale_to_lvl": false
    },
    {
      "v1": 5.0,
      "v2": 0.0,
      "stat": "shield_strength",
      "type": "FLAT",
      "scale_to_lvl": false
    }
  ]
}