{
  "type": "SPECIAL",
  "identifier": "guild_assassin",
  "lock_under_adv": "",
  "icon": "mmorpg:textures/gui/talent_icons/guild_assassin.png",
  "is_entry": false,
  "lvl_req": 1,
  "stats": [
    {
      "v1": 3.0,
      "v2": 0.0,
      "stat": "spell_damage",
      "type": "FLAT",
      "scale_to_lvl": false
    },
    {
      "v1": 10.0,
      "v2": 0.0,
      "stat": "mana_regen",
      "type": "LOCAL_INCREASE",
      "scale_to_lvl": false
    },
    {
      "v1": 5.0,
      "v2": 0.0,
      "stat": "all_physical_damage",
      "type": "FLAT",
      "scale_to_lvl": false
    }
  ]
}