{
  "type": "SPECIAL",
  "identifier": "hammer_mastery",
  "lock_under_adv": "",
  "icon": "mmorpg:textures/gui/talent_icons/hammer_mastery.png",
  "is_entry": false,
  "lvl_req": 1,
  "stats": [
    {
      "v1": 10.0,
      "v2": 0.0,
      "stat": "armor_penetration",
      "type": "LOCAL_INCREASE",
      "scale_to_lvl": false
    },
    {
      "v1": 10.0,
      "v2": 0.0,
      "stat": "hammer_damage",
      "type": "FLAT",
      "scale_to_lvl": false
    },
    {
      "v1": 10.0,
      "v2": 0.0,
      "stat": "strength",
      "type": "FLAT",
      "scale_to_lvl": false
    }
  ]
}