{
  "type": "MAJOR",
  "identifier": "harmony",
  "lock_under_adv": "",
  "icon": "mmorpg:textures/gui/stat_icons/game_changers/harmony.png",
  "is_entry": false,
  "lvl_req": 1,
  "stats": [
    {
      "v1": 20.0,
      "v2": 0.0,
      "stat": "health",
      "type": "LOCAL_INCREASE",
      "scale_to_lvl": false
    },
    {
      "v1": 20.0,
      "v2": 0.0,
      "stat": "mana",
      "type": "LOCAL_INCREASE",
      "scale_to_lvl": false
    },
    {
      "v1": -10.0,
      "v2": 0.0,
      "stat": "total_damage",
      "type": "FLAT",
      "scale_to_lvl": false
    }
  ]
}