{
  "type": "SPECIAL",
  "identifier": "holy_water",
  "lock_under_adv": "",
  "icon": "mmorpg:textures/gui/talent_icons/holy_water.png",
  "is_entry": false,
  "lvl_req": 1,
  "stats": [
    {
      "v1": 5.0,
      "v2": 0.0,
      "stat": "all_light_damage",
      "type": "FLAT",
      "scale_to_lvl": false
    },
    {
      "v1": 5.0,
      "v2": 0.0,
      "stat": "all_fire_damage",
      "type": "FLAT",
      "scale_to_lvl": false
    },
    {
      "v1": -5.0,
      "v2": 0.0,
      "stat": "dark_resist",
      "type": "FLAT",
      "scale_to_lvl": false
    },
    {
      "v1": -20.0,
      "v2": 0.0,
      "stat": "mana_regen",
      "type": "LOCAL_INCREASE",
      "scale_to_lvl": false
    },
    {
      "v1": 10.0,
      "v2": 0.0,
      "stat": "health_regen",
      "type": "LOCAL_INCREASE",
      "scale_to_lvl": false
    }
  ]
}