{
  "type": "SPECIAL",
  "identifier": "holy_envoy",
  "lock_under_adv": "",
  "icon": "mmorpg:textures/gui/talent_icons/holy_envoy.png",
  "is_entry": false,
  "lvl_req": 1,
  "stats": [
    {
      "v1": 10.0,
      "v2": 0.0,
      "stat": "dodge",
      "type": "LOCAL_INCREASE",
      "scale_to_lvl": false
    },
    {
      "v1": 1.0,
      "v2": 0.0,
      "stat": "elemental_resist",
      "type": "FLAT",
      "scale_to_lvl": false
    },
    {
      "v1": 20.0,
      "v2": 0.0,
      "stat": "more_threat_on_take_dmg",
      "type": "FLAT",
      "scale_to_lvl": false
    }
  ]
}