{
  "type": "SPECIAL",
  "identifier": "impish_smile",
  "lock_under_adv": "",
  "icon": "mmorpg:textures/gui/talent_icons/impish_smile.png",
  "is_entry": false,
  "lvl_req": 1,
  "stats": [
    {
      "v1": 3.0,
      "v2": 0.0,
      "stat": "melee_dmg",
      "type": "FLAT",
      "scale_to_lvl": false
    },
    {
      "v1": 5.0,
      "v2": 0.0,
      "stat": "health",
      "type": "LOCAL_INCREASE",
      "scale_to_lvl": false
    },
    {
      "v1": 10.0,
      "v2": 0.0,
      "stat": "mana_on_kill",
      "type": "FLAT",
      "scale_to_lvl": false
    }
  ]
}