{
  "type": "SPECIAL",
  "identifier": "last_rite",
  "lock_under_adv": "",
  "icon": "mmorpg:textures/gui/talent_icons/last_rite.png",
  "is_entry": false,
  "lvl_req": 1,
  "stats": [
    {
      "v1": 5.0,
      "v2": 0.0,
      "stat": "spell_damage",
      "type": "FLAT",
      "scale_to_lvl": false
    },
    {
      "v1": 10.0,
      "v2": 0.0,
      "stat": "mana",
      "type": "LOCAL_INCREASE",
      "scale_to_lvl": false
    },
    {
      "v1": -5.0,
      "v2": 0.0,
      "stat": "health",
      "type": "LOCAL_INCREASE",
      "scale_to_lvl": false
    }
  ]
}