{
  "type": "SPECIAL",
  "identifier": "living_thunder",
  "lock_under_adv": "",
  "icon": "mmorpg:textures/gui/talent_icons/living_thunder.png",
  "is_entry": false,
  "lvl_req": 1,
  "stats": [
    {
      "v1": 2.0,
      "v2": 0.0,
      "stat": "chance_of_frostburn",
      "type": "FLAT",
      "scale_to_lvl": false
    },
    {
      "v1": 2.0,
      "v2": 0.0,
      "stat": "chance_of_burn",
      "type": "FLAT",
      "scale_to_lvl": false
    },
    {
      "v1": 4.0,
      "v2": 0.0,
      "stat": "move_speed",
      "type": "FLAT",
      "scale_to_lvl": false
    }
  ]
}