{
  "type": "SPECIAL",
  "identifier": "mace_mastery",
  "lock_under_adv": "",
  "icon": "mmorpg:textures/gui/talent_icons/mace_mastery.png",
  "is_entry": false,
  "lvl_req": 1,
  "stats": [
    {
      "v1": 5.0,
      "v2": 0.0,
      "stat": "mace_damage",
      "type": "FLAT",
      "scale_to_lvl": false
    },
    {
      "v1": 5.0,
      "v2": 0.0,
      "stat": "cdr",
      "type": "FLAT",
      "scale_to_lvl": false
    },
    {
      "v1": 10.0,
      "v2": 0.0,
      "stat": "vitality",
      "type": "FLAT",
      "scale_to_lvl": false
    }
  ]
}