{
  "type": "SPECIAL",
  "identifier": "mana_vortex",
  "lock_under_adv": "",
  "icon": "mmorpg:textures/gui/talent_icons/mana_vortex.png",
  "is_entry": false,
  "lvl_req": 1,
  "stats": [
    {
      "v1": 5.0,
      "v2": 0.0,
      "stat": "mana",
      "type": "LOCAL_INCREASE",
      "scale_to_lvl": false
    },
    {
      "v1": 10.0,
      "v2": 0.0,
      "stat": "mana_regen",
      "type": "LOCAL_INCREASE",
      "scale_to_lvl": false
    },
    {
      "v1": 5.0,
      "v2": 0.0,
      "stat": "red_mana_reserved",
      "type": "FLAT",
      "scale_to_lvl": false
    }
  ]
}