{
  "type": "SPECIAL",
  "identifier": "nimble_hands",
  "lock_under_adv": "",
  "icon": "mmorpg:textures/gui/talent_icons/nimble_hands.png",
  "is_entry": false,
  "lvl_req": 1,
  "stats": [
    {
      "v1": 10.0,
      "v2": 0.0,
      "stat": "faster_projectiles",
      "type": "FLAT",
      "scale_to_lvl": false
    },
    {
      "v1": 50.0,
      "v2": 0.0,
      "stat": "dodge",
      "type": "FLAT",
      "scale_to_lvl": false
    },
    {
      "v1": 3.0,
      "v2": 0.0,
      "stat": "projectile_damage",
      "type": "FLAT",
      "scale_to_lvl": false
    }
  ]
}