{
  "type": "SPECIAL",
  "identifier": "no_common_sense",
  "lock_under_adv": "",
  "icon": "mmorpg:textures/gui/talent_icons/no_common_sense.png",
  "is_entry": false,
  "lvl_req": 1,
  "stats": [
    {
      "v1": -10.0,
      "v2": 0.0,
      "stat": "mana_regen",
      "type": "LOCAL_INCREASE",
      "scale_to_lvl": false
    },
    {
      "v1": -10.0,
      "v2": 0.0,
      "stat": "attack_speed",
      "type": "FLAT",
      "scale_to_lvl": false
    },
    {
      "v1": 5.0,
      "v2": 0.0,
      "stat": "critical_damage_per_10_attack_speed",
      "type": "FLAT",
      "scale_to_lvl": false
    }
  ]
}