{
  "type": "SPECIAL",
  "identifier": "no_doubt",
  "lock_under_adv": "",
  "icon": "mmorpg:textures/gui/talent_icons/no_doubt.png",
  "is_entry": false,
  "lvl_req": 1,
  "stats": [
    {
      "v1": 10.0,
      "v2": 0.0,
      "stat": "total_damage",
      "type": "FLAT",
      "scale_to_lvl": false
    },
    {
      "v1": 5.0,
      "v2": 0.0,
      "stat": "elemental_resist",
      "type": "FLAT",
      "scale_to_lvl": false
    },
    {
      "v1": -20.0,
      "v2": 0.0,
      "stat": "dodge",
      "type": "LOCAL_INCREASE",
      "scale_to_lvl": false
    }
  ]
}