{
  "type": "MAJOR",
  "identifier": "overflowing_vitality",
  "lock_under_adv": "",
  "icon": "mmorpg:textures/gui/stat_icons/game_changers/overflowing_vitality.png",
  "is_entry": false,
  "lvl_req": 1,
  "stats": [
    {
      "v1": 0.5,
      "v2": 0.0,
      "stat": "transfer_health_to_physical_weapon_damage",
      "type": "FLAT",
      "scale_to_lvl": false
    },
    {
      "v1": -10.0,
      "v2": 0.0,
      "stat": "health",
      "type": "GLOBAL_INCREASE",
      "scale_to_lvl": false
    }
  ]
}