{
  "type": "MAJOR",
  "identifier": "owl",
  "lock_under_adv": "",
  "icon": "mmorpg:textures/gui/stat_icons/game_changers/owl.png",
  "one_of_a_kind": "animal",
  "is_entry": false,
  "lvl_req": 1,
  "stats": [
    {
      "v1": 25.0,
      "v2": 0.0,
      "stat": "increase_healing",
      "type": "FLAT",
      "scale_to_lvl": false
    },
    {
      "v1": 20.0,
      "v2": 0.0,
      "stat": "cast_speed",
      "type": "FLAT",
      "scale_to_lvl": false
    },
    {
      "v1": 25.0,
      "v2": 0.0,
      "stat": "nature_penetration",
      "type": "FLAT",
      "scale_to_lvl": false
    },
    {
      "v1": -25.0,
      "v2": 0.0,
      "stat": "armor",
      "type": "LOCAL_INCREASE",
      "scale_to_lvl": false
    },
    {
      "v1": -25.0,
      "v2": 0.0,
      "stat": "health",
      "type": "LOCAL_INCREASE",
      "scale_to_lvl": false
    }
  ]
}