{
  "type": "SPECIAL",
  "identifier": "pack_leader",
  "lock_under_adv": "",
  "icon": "mmorpg:textures/gui/talent_icons/pack_leader.png",
  "is_entry": false,
  "lvl_req": 1,
  "stats": [
    {
      "v1": 10.0,
      "v2": 0.0,
      "stat": "red_mana_reserved",
      "type": "FLAT",
      "scale_to_lvl": false
    },
    {
      "v1": 10.0,
      "v2": 0.0,
      "stat": "inc_effect_of_positive_buff_given",
      "type": "FLAT",
      "scale_to_lvl": false
    },
    {
      "v1": 5.0,
      "v2": 0.0,
      "stat": "move_speed",
      "type": "FLAT",
      "scale_to_lvl": false
    }
  ]
}