{
  "type": "SPECIAL",
  "identifier": "photosynthesis",
  "lock_under_adv": "",
  "icon": "mmorpg:textures/gui/talent_icons/photosynthesis.png",
  "is_entry": false,
  "lvl_req": 1,
  "stats": [
    {
      "v1": 2.0,
      "v2": 0.0,
      "stat": "nature_health_leech",
      "type": "FLAT",
      "scale_to_lvl": false
    },
    {
      "v1": 10.0,
      "v2": 0.0,
      "stat": "heal_effect_on_self",
      "type": "FLAT",
      "scale_to_lvl": false
    },
    {
      "v1": 3.0,
      "v2": 0.0,
      "stat": "nature_weapon_damage",
      "type": "LOCAL_INCREASE",
      "scale_to_lvl": false
    },
    {
      "v1": 3.0,
      "v2": 0.0,
      "stat": "wisdom",
      "type": "FLAT",
      "scale_to_lvl": false
    }
  ]
}