{
  "type": "SPECIAL",
  "identifier": "pitchfork",
  "lock_under_adv": "",
  "icon": "mmorpg:textures/gui/talent_icons/pitchfork.png",
  "is_entry": false,
  "lvl_req": 1,
  "stats": [
    {
      "v1": 5.0,
      "v2": 0.0,
      "stat": "health",
      "type": "LOCAL_INCREASE",
      "scale_to_lvl": false
    },
    {
      "v1": -5.0,
      "v2": 0.0,
      "stat": "intelligence",
      "type": "FLAT",
      "scale_to_lvl": false
    },
    {
      "v1": 5.0,
      "v2": 0.0,
      "stat": "all_physical_damage",
      "type": "FLAT",
      "scale_to_lvl": false
    },
    {
      "v1": -5.0,
      "v2": 0.0,
      "stat": "magic_dmg",
      "type": "FLAT",
      "scale_to_lvl": false
    }
  ]
}