{
  "type": "SPECIAL",
  "identifier": "poacher",
  "lock_under_adv": "",
  "icon": "mmorpg:textures/gui/talent_icons/poacher.png",
  "is_entry": false,
  "lvl_req": 1,
  "stats": [
    {
      "v1": 15.0,
      "v2": 0.0,
      "stat": "trap_spell_dmg",
      "type": "FLAT",
      "scale_to_lvl": false
    },
    {
      "v1": 10.0,
      "v2": 0.0,
      "stat": "mana_regen",
      "type": "LOCAL_INCREASE",
      "scale_to_lvl": false
    },
    {
      "v1": -10.0,
      "v2": 0.0,
      "stat": "dodge",
      "type": "LOCAL_INCREASE",
      "scale_to_lvl": false
    }
  ]
}