{
  "type": "SPECIAL",
  "identifier": "praise_zadall",
  "lock_under_adv": "",
  "icon": "mmorpg:textures/gui/talent_icons/praise_zadall.png",
  "is_entry": false,
  "lvl_req": 1,
  "stats": [
    {
      "v1": 5.0,
      "v2": 0.0,
      "stat": "intelligence",
      "type": "FLAT",
      "scale_to_lvl": false
    },
    {
      "v1": 5.0,
      "v2": 0.0,
      "stat": "strength",
      "type": "FLAT",
      "scale_to_lvl": false
    },
    {
      "v1": 2.0,
      "v2": 0.0,
      "stat": "spell_dark_damage",
      "type": "FLAT",
      "scale_to_lvl": false
    },
    {
      "v1": 2.0,
      "v2": 0.0,
      "stat": "spell_fire_damage",
      "type": "FLAT",
      "scale_to_lvl": false
    },
    {
      "v1": 10.0,
      "v2": 0.0,
      "stat": "inc_effect_of_auras",
      "type": "FLAT",
      "scale_to_lvl": false
    }
  ]
}