{
  "type": "SPECIAL",
  "identifier": "precise_preperation",
  "lock_under_adv": "",
  "icon": "mmorpg:textures/gui/talent_icons/precise_preperation.png",
  "is_entry": false,
  "lvl_req": 1,
  "stats": [
    {
      "v1": 5.0,
      "v2": 0.0,
      "stat": "cdr",
      "type": "FLAT",
      "scale_to_lvl": false
    },
    {
      "v1": 10.0,
      "v2": 0.0,
      "stat": "red_mana_reserved",
      "type": "FLAT",
      "scale_to_lvl": false
    },
    {
      "v1": 5.0,
      "v2": 0.0,
      "stat": "all_physical_damage",
      "type": "FLAT",
      "scale_to_lvl": false
    }
  ]
}