{
  "type": "SPECIAL",
  "identifier": "rain_of_sorrow",
  "lock_under_adv": "",
  "icon": "mmorpg:textures/gui/talent_icons/rain_of_sorrow.png",
  "is_entry": false,
  "lvl_req": 1,
  "stats": [
    {
      "v1": 5.0,
      "v2": 0.0,
      "stat": "dagger_damage",
      "type": "FLAT",
      "scale_to_lvl": false
    },
    {
      "v1": 5.0,
      "v2": 0.0,
      "stat": "bow_damage",
      "type": "FLAT",
      "scale_to_lvl": false
    },
    {
      "v1": 5.0,
      "v2": 0.0,
      "stat": "chance_of_poison",
      "type": "FLAT",
      "scale_to_lvl": false
    }
  ]
}