{
  "type": "MAJOR",
  "identifier": "refined_taste",
  "lock_under_adv": "",
  "icon": "mmorpg:textures/gui/stat_icons/game_changers/refined_taste.png",
  "is_entry": false,
  "lvl_req": 1,
  "stats": [
    {
      "v1": 50.0,
      "v2": 0.0,
      "stat": "inc_leech",
      "type": "FLAT",
      "scale_to_lvl": false
    },
    {
      "v1": -75.0,
      "v2": 0.0,
      "stat": "health_regen",
      "type": "LOCAL_INCREASE",
      "scale_to_lvl": false
    },
    {
      "v1": -75.0,
      "v2": 0.0,
      "stat": "mana_regen",
      "type": "LOCAL_INCREASE",
      "scale_to_lvl": false
    }
  ]
}