{
  "type": "SPECIAL",
  "identifier": "rune_teeth",
  "lock_under_adv": "",
  "icon": "mmorpg:textures/gui/talent_icons/rune_teeth.png",
  "is_entry": false,
  "lvl_req": 1,
  "stats": [
    {
      "v1": 5.0,
      "v2": 0.0,
      "stat": "cdr",
      "type": "FLAT",
      "scale_to_lvl": false
    },
    {
      "v1": 5.0,
      "v2": 0.0,
      "stat": "spell_damage",
      "type": "FLAT",
      "scale_to_lvl": false
    },
    {
      "v1": 10.0,
      "v2": 0.0,
      "stat": "mana_on_kill",
      "type": "FLAT",
      "scale_to_lvl": false
    }
  ]
}