{
  "type": "SPECIAL",
  "identifier": "runeleather",
  "lock_under_adv": "",
  "icon": "mmorpg:textures/gui/talent_icons/runeleather.png",
  "is_entry": false,
  "lvl_req": 1,
  "stats": [
    {
      "v1": 5.0,
      "v2": 0.0,
      "stat": "shield_duration",
      "type": "FLAT",
      "scale_to_lvl": false
    },
    {
      "v1": 5.0,
      "v2": 0.0,
      "stat": "dodge",
      "type": "LOCAL_INCREASE",
      "scale_to_lvl": false
    },
    {
      "v1": 10.0,
      "v2": 0.0,
      "stat": "armor",
      "type": "LOCAL_INCREASE",
      "scale_to_lvl": false
    }
  ]
}