{
  "type": "SPECIAL",
  "identifier": "rune_arrows",
  "lock_under_adv": "",
  "icon": "mmorpg:textures/gui/talent_icons/rune_arrows.png",
  "is_entry": false,
  "lvl_req": 1,
  "stats": [
    {
      "v1": 1.0,
      "v2": 0.0,
      "stat": "projectile_damage_per_10_strength",
      "type": "FLAT",
      "scale_to_lvl": false
    },
    {
      "v1": 3.0,
      "v2": 0.0,
      "stat": "ranged_dmg",
      "type": "FLAT",
      "scale_to_lvl": false
    },
    {
      "v1": 5.0,
      "v2": 0.0,
      "stat": "melee_dmg_received",
      "type": "FLAT",
      "scale_to_lvl": false
    },
    {
      "v1": -5.0,
      "v2": 0.0,
      "stat": "intelligence",
      "type": "FLAT",
      "scale_to_lvl": false
    }
  ]
}