{
  "type": "SPECIAL",
  "identifier": "scepter_mastery",
  "lock_under_adv": "",
  "icon": "mmorpg:textures/gui/talent_icons/scepter_mastery.png",
  "is_entry": false,
  "lvl_req": 1,
  "stats": [
    {
      "v1": 5.0,
      "v2": 0.0,
      "stat": "scepter_damage",
      "type": "FLAT",
      "scale_to_lvl": false
    },
    {
      "v1": 5.0,
      "v2": 0.0,
      "stat": "increase_healing",
      "type": "FLAT",
      "scale_to_lvl": false
    },
    {
      "v1": 10.0,
      "v2": 0.0,
      "stat": "wisdom",
      "type": "FLAT",
      "scale_to_lvl": false
    },
    {
      "v1": 5.0,
      "v2": 0.0,
      "stat": "cast_speed",
      "type": "FLAT",
      "scale_to_lvl": false
    }
  ]
}