{
  "type": "START",
  "identifier": "scion",
  "lock_under_adv": "",
  "icon": "mmorpg:textures/gui/talent_icons/scion.png",
  "one_of_a_kind": "start",
  "is_entry": true,
  "lvl_req": 1,
  "stats": [
    {
      "v1": 20.0,
      "v2": 0.0,
      "stat": "intelligence",
      "type": "FLAT",
      "scale_to_lvl": false
    },
    {
      "v1": 20.0,
      "v2": 0.0,
      "stat": "strength",
      "type": "FLAT",
      "scale_to_lvl": false
    },
    {
      "v1": 20.0,
      "v2": 0.0,
      "stat": "dexterity",
      "type": "FLAT",
      "scale_to_lvl": false
    }
  ]
}