{
  "type": "SPECIAL",
  "identifier": "slaughter",
  "lock_under_adv": "",
  "icon": "mmorpg:textures/gui/talent_icons/slaughter.png",
  "is_entry": false,
  "lvl_req": 1,
  "stats": [
    {
      "v1": 20.0,
      "v2": 0.0,
      "stat": "armor_penetration",
      "type": "LOCAL_INCREASE",
      "scale_to_lvl": false
    },
    {
      "v1": 5.0,
      "v2": 0.0,
      "stat": "strength",
      "type": "FLAT",
      "scale_to_lvl": false
    },
    {
      "v1": -5.0,
      "v2": 0.0,
      "stat": "attack_speed",
      "type": "FLAT",
      "scale_to_lvl": false
    }
  ]
}