{
  "type": "MAJOR",
  "identifier": "songbird",
  "lock_under_adv": "",
  "icon": "mmorpg:textures/gui/stat_icons/game_changers/songbird.png",
  "is_entry": false,
  "lvl_req": 1,
  "stats": [
    {
      "v1": -50.0,
      "v2": 0.0,
      "stat": "total_damage",
      "type": "FLAT",
      "scale_to_lvl": false
    },
    {
      "v1": 25.0,
      "v2": 0.0,
      "stat": "inc_effect_of_song_buff_given",
      "type": "FLAT",
      "scale_to_lvl": false
    },
    {
      "v1": 25.0,
      "v2": 0.0,
      "stat": "crit_heal_chance",
      "type": "FLAT",
      "scale_to_lvl": false
    },
    {
      "v1": 20.0,
      "v2": 0.0,
      "stat": "cdr",
      "type": "FLAT",
      "scale_to_lvl": false
    }
  ]
}