{
  "type": "SPECIAL",
  "identifier": "spear_mastery",
  "lock_under_adv": "",
  "icon": "mmorpg:textures/gui/talent_icons/spear_mastery.png",
  "is_entry": false,
  "lvl_req": 1,
  "stats": [
    {
      "v1": 5.0,
      "v2": 0.0,
      "stat": "spear_damage",
      "type": "FLAT",
      "scale_to_lvl": false
    },
    {
      "v1": 50.0,
      "v2": 0.0,
      "stat": "accuracy",
      "type": "FLAT",
      "scale_to_lvl": false
    },
    {
      "v1": 5.0,
      "v2": 0.0,
      "stat": "dexterity",
      "type": "FLAT",
      "scale_to_lvl": false
    }
  ]
}