{
  "type": "STAT",
  "identifier": "spell_elemental_damage_and_dot",
  "lock_under_adv": "",
  "icon": "mmorpg:textures/gui/stat_icons/elemental/spell_elemental_damage.png",
  "is_entry": false,
  "lvl_req": 1,
  "stats": [
    {
      "v1": 1.0,
      "v2": 0.0,
      "stat": "spell_elemental_damage",
      "type": "FLAT",
      "scale_to_lvl": false
    },
    {
      "v1": 3.0,
      "v2": 0.0,
      "stat": "elemental_dot_damage",
      "type": "FLAT",
      "scale_to_lvl": false
    }
  ]
}